file;numAlt;numVot;numUniq;isStrict;isComplete;isApproval;largestBallot;smallestBallot;maxNumIndif;minNumIndif;largestIndif;smallestIndif;hasCondorcet;isSP;isSC
00047-00000002.soc;19;48;48;True;True;False;19;19;0;0;1;1;True;N/A;N/A
00047-00000001.soc;21;45;45;True;True;False;21;21;0;0;1;1;True;N/A;N/A
00047-00000003.soc;20;50;50;True;True;False;20;20;0;0;1;1;True;N/A;N/A
00047-00000006.soc;20;51;51;True;True;False;20;20;0;0;1;1;True;N/A;N/A
00047-00000005.soc;21;50;50;True;True;False;21;21;0;0;1;1;True;N/A;N/A
00047-00000004.soc;22;50;50;True;True;False;22;22;0;0;1;1;True;N/A;N/A
00047-00000007.soc;23;50;50;True;True;False;23;23;0;0;1;1;True;N/A;N/A
00047-00000008.soc;25;48;48;True;True;False;25;25;0;0;1;1;True;N/A;N/A
00047-00000010.soc;22;49;49;True;True;False;22;22;0;0;1;1;True;N/A;N/A
00047-00000009.soc;23;49;49;True;True;False;23;23;0;0;1;1;True;N/A;N/A
00047-00000011.soc;21;50;50;True;True;False;21;21;0;0;1;1;True;N/A;N/A
00047-00000013.soc;21;52;52;True;True;False;21;21;0;0;1;1;True;N/A;N/A
00047-00000014.soc;21;50;50;True;True;False;21;21;0;0;1;1;True;N/A;N/A
00047-00000012.soc;28;48;48;True;True;False;28;28;0;0;1;1;True;N/A;N/A
00047-00000015.soc;20;49;49;True;True;False;20;20;0;0;1;1;True;N/A;N/A
00047-00000003.soi;2131;54;54;True;False;False;200;7;0;0;1;1;False;N/A;N/A
00047-00000016.soc;21;50;50;True;True;False;21;21;0;0;1;1;True;N/A;N/A
00047-00000008.soi;2192;54;54;True;False;False;200;7;0;0;1;1;False;N/A;N/A
00047-00000002.soi;2146;54;54;True;False;False;200;3;0;0;1;1;False;N/A;N/A
00047-00000001.soi;2361;54;54;True;False;False;200;1;0;0;1;1;False;N/A;N/A
00047-00000004.soi;2161;54;54;True;False;False;200;6;0;0;1;1;False;N/A;N/A
00047-00000018.soc;20;50;50;True;True;False;20;20;0;0;1;1;True;N/A;N/A
00047-00000017.soc;22;49;49;True;True;False;22;22;0;0;1;1;True;N/A;N/A
00047-00000019.soc;21;49;49;True;True;False;21;21;0;0;1;1;True;N/A;N/A
00047-00000020.soc;21;49;49;True;True;False;21;21;0;0;1;1;True;N/A;N/A
00047-00000010.soi;2157;54;54;True;False;False;200;8;0;0;1;1;False;N/A;N/A
00047-00000009.soi;2200;54;54;True;False;False;200;7;0;0;1;1;False;N/A;N/A
00047-00000021.soc;21;49;49;True;True;False;21;21;0;0;1;1;True;N/A;N/A
00047-00000015.soi;2184;54;54;True;False;False;200;9;0;0;1;1;False;N/A;N/A
00047-00000005.soi;2228;54;54;True;False;False;200;7;0;0;1;1;False;N/A;N/A
00047-00000022.soc;22;48;48;True;True;False;22;22;0;0;1;1;True;N/A;N/A
00047-00000023.soc;23;48;48;True;True;False;23;23;0;0;1;1;True;N/A;N/A
00047-00000024.soc;20;49;49;True;True;False;20;20;0;0;1;1;True;N/A;N/A
00047-00000014.soi;2182;54;54;True;False;False;200;12;0;0;1;1;False;N/A;N/A
00047-00000012.soi;2205;54;54;True;False;False;200;10;0;0;1;1;False;N/A;N/A
00047-00000007.soi;2188;54;54;True;False;False;200;11;0;0;1;1;False;N/A;N/A
00047-00000006.soi;2189;54;54;True;False;False;200;11;0;0;1;1;False;N/A;N/A
00047-00000025.soc;23;48;48;True;True;False;23;23;0;0;1;1;True;N/A;N/A
00047-00000026.soc;21;49;49;True;True;False;21;21;0;0;1;1;True;N/A;N/A
00047-00000027.soc;22;48;48;True;True;False;22;22;0;0;1;1;True;N/A;N/A
00047-00000028.soc;20;50;50;True;True;False;20;20;0;0;1;1;True;N/A;N/A
00047-00000011.soi;2158;54;54;True;False;False;200;10;0;0;1;1;False;N/A;N/A
00047-00000013.soi;2183;54;54;True;False;False;200;10;0;0;1;1;False;N/A;N/A
00047-00000029.soc;21;48;48;True;True;False;21;21;0;0;1;1;True;N/A;N/A
00047-00000016.soi;2165;54;54;True;False;False;200;7;0;0;1;1;False;N/A;N/A
00047-00000030.soc;21;49;49;True;True;False;21;21;0;0;1;1;True;N/A;N/A
00047-00000031.soc;20;49;49;True;True;False;20;20;0;0;1;1;True;N/A;N/A
00047-00000017.soi;2169;54;54;True;False;False;200;8;0;0;1;1;False;N/A;N/A
00047-00000032.soc;20;49;49;True;True;False;20;20;0;0;1;1;True;N/A;N/A
00047-00000022.soi;2217;54;54;True;False;False;200;9;0;0;1;1;False;N/A;N/A
00047-00000033.soc;20;50;50;True;True;False;20;20;0;0;1;1;True;N/A;N/A
00047-00000024.soi;2188;54;54;True;False;False;200;9;0;0;1;1;False;N/A;N/A
00047-00000034.soc;20;50;50;True;True;False;20;20;0;0;1;1;True;N/A;N/A
00047-00000023.soi;2182;54;54;True;False;False;200;8;0;0;1;1;False;N/A;N/A
00047-00000018.soi;2185;54;54;True;False;False;200;9;0;0;1;1;False;N/A;N/A
00047-00000019.soi;2195;54;54;True;False;False;200;9;0;0;1;1;False;N/A;N/A
00047-00000035.soc;25;48;48;True;True;False;25;25;0;0;1;1;True;N/A;N/A
00047-00000036.soc;22;48;48;True;True;False;22;22;0;0;1;1;True;N/A;N/A
00047-00000025.soi;2193;54;54;True;False;False;200;8;0;0;1;1;True;N/A;N/A
00047-00000037.soc;20;49;49;True;True;False;20;20;0;0;1;1;True;N/A;N/A
00047-00000038.soc;23;48;48;True;True;False;23;23;0;0;1;1;True;N/A;N/A
00047-00000021.soi;2242;54;54;True;False;False;200;11;0;0;1;1;False;N/A;N/A
00047-00000020.soi;2228;54;54;True;False;False;200;11;0;0;1;1;False;N/A;N/A
00047-00000039.soc;24;48;48;True;True;False;24;24;0;0;1;1;True;N/A;N/A
00047-00000040.soc;21;49;49;True;True;False;21;21;0;0;1;1;True;N/A;N/A
00047-00000029.soi;2259;54;54;True;False;False;200;7;0;0;1;1;False;N/A;N/A
00047-00000026.soi;2228;54;54;True;False;False;200;9;0;0;1;1;False;N/A;N/A
00047-00000041.soc;21;49;49;True;True;False;21;21;0;0;1;1;True;N/A;N/A
00047-00000042.soc;20;49;49;True;True;False;20;20;0;0;1;1;True;N/A;N/A
00047-00000030.soi;2269;54;54;True;False;False;200;7;0;0;1;1;True;N/A;N/A
00047-00000031.soi;2238;54;54;True;False;False;200;8;0;0;1;1;True;N/A;N/A
00047-00000043.soc;22;48;48;True;True;False;22;22;0;0;1;1;True;N/A;N/A
00047-00000044.soc;22;48;48;True;True;False;22;22;0;0;1;1;True;N/A;N/A
00047-00000028.soi;2294;54;54;True;False;False;200;11;0;0;1;1;False;N/A;N/A
00047-00000027.soi;2273;54;54;True;False;False;200;9;0;0;1;1;True;N/A;N/A
00047-00000045.soc;24;48;48;True;True;False;24;24;0;0;1;1;True;N/A;N/A
00047-00000046.soc;20;49;49;True;True;False;20;20;0;0;1;1;True;N/A;N/A
00047-00000032.soi;2244;54;54;True;False;False;200;8;0;0;1;1;True;N/A;N/A
00047-00000047.soc;25;48;48;True;True;False;25;25;0;0;1;1;True;N/A;N/A
00047-00000036.soi;2303;54;54;True;False;False;200;8;0;0;1;1;False;N/A;N/A
00047-00000048.soc;21;49;49;True;True;False;21;21;0;0;1;1;True;N/A;N/A
00047-00000033.soi;2294;54;54;True;False;False;200;10;0;0;1;1;False;N/A;N/A
00047-00000049.soc;25;48;48;True;True;False;25;25;0;0;1;1;True;N/A;N/A
00047-00000038.soi;2266;54;54;True;False;False;200;9;0;0;1;1;False;N/A;N/A
00047-00000037.soi;2290;54;54;True;False;False;200;8;0;0;1;1;False;N/A;N/A
00047-00000050.soc;24;47;47;True;True;False;24;24;0;0;1;1;True;N/A;N/A
00047-00000051.soc;20;51;51;True;True;False;20;20;0;0;1;1;True;N/A;N/A
00047-00000034.soi;2338;54;54;True;False;False;200;12;0;0;1;1;False;N/A;N/A
00047-00000035.soi;2345;54;54;True;False;False;200;11;0;0;1;1;False;N/A;N/A
00047-00000043.soi;2277;54;54;True;False;False;200;11;0;0;1;1;False;N/A;N/A
00047-00000052.soc;20;50;50;True;True;False;20;20;0;0;1;1;True;N/A;N/A
00047-00000053.soc;20;50;50;True;True;False;20;20;0;0;1;1;True;N/A;N/A
00047-00000054.soc;22;50;50;True;True;False;22;22;0;0;1;1;True;N/A;N/A
00047-00000039.soi;2287;54;54;True;False;False;200;10;0;0;1;1;False;N/A;N/A
00047-00000042.soi;2332;54;54;True;False;False;200;15;0;0;1;1;False;N/A;N/A
00047-00000055.soc;20;50;50;True;True;False;20;20;0;0;1;1;True;N/A;N/A
00047-00000040.soi;2306;54;54;True;False;False;200;12;0;0;1;1;False;N/A;N/A
00047-00000056.soc;20;49;49;True;True;False;20;20;0;0;1;1;True;N/A;N/A
00047-00000057.soc;21;48;48;True;True;False;21;21;0;0;1;1;True;N/A;N/A
00047-00000041.soi;2345;54;54;True;False;False;200;11;0;0;1;1;False;N/A;N/A
00047-00000058.soc;22;48;48;True;True;False;22;22;0;0;1;1;True;N/A;N/A
00047-00000044.soi;2225;54;54;True;False;False;200;10;0;0;1;1;False;N/A;N/A
00047-00000059.soc;24;51;51;True;True;False;24;24;0;0;1;1;True;N/A;N/A
00047-00000046.soi;2212;54;54;True;False;False;200;12;0;0;1;1;False;N/A;N/A
00047-00000060.soc;20;50;50;True;True;False;20;20;0;0;1;1;True;N/A;N/A
00047-00000045.soi;2173;54;54;True;False;False;200;13;0;0;1;1;False;N/A;N/A
00047-00000061.soc;21;53;53;True;True;False;21;21;0;0;1;1;True;N/A;N/A
00047-00000047.soi;2242;54;54;True;False;False;200;12;0;0;1;1;False;N/A;N/A
00047-00000062.soc;25;53;53;True;True;False;25;25;0;0;1;1;True;N/A;N/A
00047-00000048.soi;2274;54;54;True;False;False;200;16;0;0;1;1;False;N/A;N/A
00047-00000063.soc;22;53;53;True;True;False;22;22;0;0;1;1;True;N/A;N/A
00047-00000050.soi;2253;54;54;True;False;False;200;11;0;0;1;1;False;N/A;N/A
00047-00000064.soc;21;52;52;True;True;False;21;21;0;0;1;1;True;N/A;N/A
00047-00000049.soi;2294;54;54;True;False;False;200;16;0;0;1;1;False;N/A;N/A
00047-00000065.soc;28;52;52;True;True;False;28;28;0;0;1;1;True;N/A;N/A
00047-00000051.soi;2253;54;54;True;False;False;200;15;0;0;1;1;False;N/A;N/A
00047-00000066.soc;28;53;53;True;True;False;28;28;0;0;1;1;True;N/A;N/A
00047-00000054.soi;2257;53;53;True;False;False;200;17;0;0;1;1;False;N/A;N/A
00047-00000067.soc;25;53;53;True;True;False;25;25;0;0;1;1;True;N/A;N/A
00047-00000058.soi;2249;54;54;True;False;False;200;13;0;0;1;1;False;N/A;N/A
00047-00000052.soi;2233;54;54;True;False;False;200;13;0;0;1;1;False;N/A;N/A
00047-00000068.soc;24;53;53;True;True;False;24;24;0;0;1;1;True;N/A;N/A
00047-00000057.soi;2281;54;54;True;False;False;200;11;0;0;1;1;False;N/A;N/A
00047-00000069.soc;25;53;53;True;True;False;25;25;0;0;1;1;True;N/A;N/A
00047-00000053.soi;2247;54;54;True;False;False;200;14;0;0;1;1;False;N/A;N/A
00047-00000070.soc;25;52;52;True;True;False;25;25;0;0;1;1;True;N/A;N/A
00047-00000071.soc;23;47;47;True;True;False;23;23;0;0;1;1;True;N/A;N/A
00047-00000059.soi;2219;54;54;True;False;False;200;15;0;0;1;1;False;N/A;N/A
00047-00000056.soi;2305;54;54;True;False;False;200;18;0;0;1;1;False;N/A;N/A
00047-00000072.soc;23;53;53;True;True;False;23;23;0;0;1;1;True;N/A;N/A
00047-00000073.soc;24;53;53;True;True;False;24;24;0;0;1;1;True;N/A;N/A
00047-00000055.soi;2298;54;54;True;False;False;200;18;0;0;1;1;False;N/A;N/A
00047-00000074.soc;22;53;53;True;True;False;22;22;0;0;1;1;True;N/A;N/A
00047-00000060.soi;2233;54;54;True;False;False;200;18;0;0;1;1;False;N/A;N/A
00047-00000075.soc;22;53;53;True;True;False;22;22;0;0;1;1;True;N/A;N/A
00047-00000061.soi;2282;54;54;True;False;False;200;22;0;0;1;1;False;N/A;N/A
00047-00000076.soc;23;53;53;True;True;False;23;23;0;0;1;1;True;N/A;N/A
00047-00000062.soi;2163;54;54;True;False;False;200;28;0;0;1;1;False;N/A;N/A
00047-00000077.soc;21;52;52;True;True;False;21;21;0;0;1;1;True;N/A;N/A
00047-00000064.soi;2136;54;54;True;False;False;200;19;0;0;1;1;False;N/A;N/A
00047-00000078.soc;20;49;49;True;True;False;20;20;0;0;1;1;True;N/A;N/A
00047-00000063.soi;2159;54;54;True;False;False;200;27;0;0;1;1;False;N/A;N/A
00047-00000079.soc;21;50;50;True;True;False;21;21;0;0;1;1;True;N/A;N/A
00047-00000065.soi;2122;53;53;True;False;False;200;22;0;0;1;1;False;N/A;N/A
00047-00000080.soc;20;50;50;True;True;False;20;20;0;0;1;1;True;N/A;N/A
00047-00000066.soi;2097;54;54;True;False;False;200;21;0;0;1;1;False;N/A;N/A
00047-00000081.soc;23;47;47;True;True;False;23;23;0;0;1;1;True;N/A;N/A
00047-00000071.soi;2152;54;54;True;False;False;200;21;0;0;1;1;False;N/A;N/A
00047-00000082.soc;20;49;49;True;True;False;20;20;0;0;1;1;True;N/A;N/A
00047-00000067.soi;2095;54;54;True;False;False;200;23;0;0;1;1;False;N/A;N/A
00047-00000083.soc;20;51;51;True;True;False;20;20;0;0;1;1;True;N/A;N/A
00047-00000072.soi;2162;54;54;True;False;False;200;19;0;0;1;1;False;N/A;N/A
00047-00000068.soi;2143;54;54;True;False;False;200;23;0;0;1;1;False;N/A;N/A
00047-00000084.soc;21;49;49;True;True;False;21;21;0;0;1;1;True;N/A;N/A
00047-00000085.soc;21;48;48;True;True;False;21;21;0;0;1;1;True;N/A;N/A
00047-00000069.soi;2244;54;54;True;False;False;200;24;0;0;1;1;False;N/A;N/A
00047-00000073.soi;2137;54;54;True;False;False;200;20;0;0;1;1;True;N/A;N/A
00047-00000086.soc;19;50;50;True;True;False;19;19;0;0;1;1;True;N/A;N/A
00047-00000074.soi;2145;54;54;True;False;False;200;20;0;0;1;1;False;N/A;N/A
00047-00000087.soc;20;48;48;True;True;False;20;20;0;0;1;1;True;N/A;N/A
00047-00000070.soi;2206;54;54;True;False;False;200;22;0;0;1;1;False;N/A;N/A
00047-00000088.soc;22;50;50;True;True;False;22;22;0;0;1;1;True;N/A;N/A
00047-00000089.soc;21;50;50;True;True;False;21;21;0;0;1;1;True;N/A;N/A
00047-00000075.soi;2168;54;54;True;False;False;200;23;0;0;1;1;False;N/A;N/A
00047-00000090.soc;21;51;51;True;True;False;21;21;0;0;1;1;True;N/A;N/A
00047-00000077.soi;2203;54;54;True;False;False;200;23;0;0;1;1;False;N/A;N/A
00047-00000091.soc;20;50;50;True;True;False;20;20;0;0;1;1;True;N/A;N/A
00047-00000078.soi;2035;54;54;True;False;False;200;20;0;0;1;1;False;N/A;N/A
00047-00000092.soc;20;49;49;True;True;False;20;20;0;0;1;1;True;N/A;N/A
00047-00000076.soi;2212;54;54;True;False;False;200;22;0;0;1;1;False;N/A;N/A
00047-00000093.soc;20;50;50;True;True;False;20;20;0;0;1;1;True;N/A;N/A
00047-00000079.soi;2051;54;54;True;False;False;200;21;0;0;1;1;False;N/A;N/A
00047-00000094.soc;21;51;51;True;True;False;21;21;0;0;1;1;True;N/A;N/A
00047-00000080.soi;2037;54;54;True;False;False;200;22;0;0;1;1;False;N/A;N/A
00047-00000095.soc;22;48;48;True;True;False;22;22;0;0;1;1;True;N/A;N/A
00047-00000081.soi;2048;54;54;True;False;False;200;21;0;0;1;1;False;N/A;N/A
00047-00000096.soc;21;50;50;True;True;False;21;21;0;0;1;1;True;N/A;N/A
00047-00000082.soi;2101;54;54;True;False;False;200;22;0;0;1;1;False;N/A;N/A
00047-00000097.soc;21;53;53;True;True;False;21;21;0;0;1;1;True;N/A;N/A
00047-00000085.soi;2165;54;54;True;False;False;200;21;0;0;1;1;False;N/A;N/A
00047-00000098.soc;24;48;48;True;True;False;24;24;0;0;1;1;True;N/A;N/A
00047-00000086.soi;2154;54;54;True;False;False;200;22;0;0;1;1;False;N/A;N/A
00047-00000099.soc;22;48;48;True;True;False;22;22;0;0;1;1;True;N/A;N/A
00047-00000087.soi;2136;54;54;True;False;False;200;22;0;0;1;1;False;N/A;N/A
00047-00000083.soi;2216;54;54;True;False;False;200;23;0;0;1;1;False;N/A;N/A
00047-00000084.soi;2199;54;54;True;False;False;200;25;0;0;1;1;False;N/A;N/A
00047-00000101.soc;20;51;51;True;True;False;20;20;0;0;1;1;True;N/A;N/A
00047-00000100.soc;23;49;49;True;True;False;23;23;0;0;1;1;True;N/A;N/A
00047-00000088.soi;2151;54;54;True;False;False;200;23;0;0;1;1;False;N/A;N/A
00047-00000102.soc;21;50;50;True;True;False;21;21;0;0;1;1;True;N/A;N/A
00047-00000103.soc;23;48;48;True;True;False;23;23;0;0;1;1;True;N/A;N/A
00047-00000089.soi;2199;54;54;True;False;False;200;25;0;0;1;1;False;N/A;N/A
00047-00000104.soc;19;47;47;True;True;False;19;19;0;0;1;1;True;N/A;N/A
00047-00000092.soi;2217;54;54;True;False;False;200;21;0;0;1;1;False;N/A;N/A
00047-00000093.soi;2175;54;54;True;False;False;200;24;0;0;1;1;False;N/A;N/A
00047-00000105.soc;20;48;48;True;True;False;20;20;0;0;1;1;True;N/A;N/A
00047-00000106.soc;18;48;48;True;True;False;18;18;0;0;1;1;True;N/A;N/A
00047-00000090.soi;2271;54;54;True;False;False;200;24;0;0;1;1;False;N/A;N/A
00047-00000107.soc;19;49;49;True;True;False;19;19;0;0;1;1;True;N/A;N/A
00047-00000091.soi;2273;54;54;True;False;False;200;24;0;0;1;1;False;N/A;N/A
00047-00000108.soc;21;48;48;True;True;False;21;21;0;0;1;1;True;N/A;N/A
00047-00000094.soi;2168;54;54;True;False;False;200;21;0;0;1;1;False;N/A;N/A
00047-00000109.soc;20;50;50;True;True;False;20;20;0;0;1;1;True;N/A;N/A
00047-00000095.soi;2174;54;54;True;False;False;200;21;0;0;1;1;False;N/A;N/A
00047-00000110.soc;20;49;49;True;True;False;20;20;0;0;1;1;True;N/A;N/A
00047-00000096.soi;2202;54;54;True;False;False;200;22;0;0;1;1;False;N/A;N/A
00047-00000111.soc;23;49;49;True;True;False;23;23;0;0;1;1;True;N/A;N/A
00047-00000097.soi;2165;54;54;True;False;False;200;25;0;0;1;1;False;N/A;N/A
00047-00000112.soc;19;51;51;True;True;False;19;19;0;0;1;1;True;N/A;N/A
00047-00000099.soi;2146;54;54;True;False;False;200;23;0;0;1;1;False;N/A;N/A
00047-00000113.soc;20;48;48;True;True;False;20;20;0;0;1;1;True;N/A;N/A
00047-00000098.soi;2192;54;54;True;False;False;200;25;0;0;1;1;False;N/A;N/A
00047-00000114.soc;21;50;50;True;True;False;21;21;0;0;1;1;False;N/A;N/A
00047-00000100.soi;2172;54;54;True;False;False;200;19;0;0;1;1;False;N/A;N/A
00047-00000115.soc;20;51;51;True;True;False;20;20;0;0;1;1;True;N/A;N/A
00047-00000104.soi;2159;54;54;True;False;False;200;23;0;0;1;1;False;N/A;N/A
00047-00000106.soi;2150;54;54;True;False;False;200;13;0;0;1;1;False;N/A;N/A
00047-00000116.soc;22;49;49;True;True;False;22;22;0;0;1;1;True;N/A;N/A
00047-00000117.soc;20;50;50;True;True;False;20;20;0;0;1;1;True;N/A;N/A
00047-00000101.soi;2181;54;54;True;False;False;200;19;0;0;1;1;False;N/A;N/A
00047-00000105.soi;2194;54;54;True;False;False;200;17;0;0;1;1;False;N/A;N/A
00047-00000118.soc;20;49;49;True;True;False;20;20;0;0;1;1;True;N/A;N/A
00047-00000119.soc;20;51;51;True;True;False;20;20;0;0;1;1;True;N/A;N/A
00047-00000103.soi;2281;54;54;True;False;False;200;20;0;0;1;1;False;N/A;N/A
00047-00000107.soi;2083;54;54;True;False;False;200;16;0;0;1;1;False;N/A;N/A
00047-00000102.soi;2214;54;54;True;False;False;200;21;0;0;1;1;False;N/A;N/A
00047-00000120.soc;19;48;48;True;True;False;19;19;0;0;1;1;True;N/A;N/A
00047-00000121.soc;20;50;50;True;True;False;20;20;0;0;1;1;True;N/A;N/A
00047-00000122.soc;21;53;53;True;True;False;21;21;0;0;1;1;True;N/A;N/A
00047-00000108.soi;2101;54;54;True;False;False;200;19;0;0;1;1;False;N/A;N/A
00047-00000123.soc;22;53;53;True;True;False;22;22;0;0;1;1;True;N/A;N/A
00047-00000109.soi;2093;54;54;True;False;False;200;20;0;0;1;1;False;N/A;N/A
00047-00000124.soc;22;53;53;True;True;False;22;22;0;0;1;1;True;N/A;N/A
00047-00000110.soi;2145;54;54;True;False;False;200;21;0;0;1;1;False;N/A;N/A
00047-00000125.soc;22;53;53;True;True;False;22;22;0;0;1;1;True;N/A;N/A
00047-00000111.soi;2222;54;54;True;False;False;200;20;0;0;1;1;False;N/A;N/A
00047-00000112.soi;2250;54;54;True;False;False;200;22;0;0;1;1;False;N/A;N/A
00047-00000126.soc;22;50;50;True;True;False;22;22;0;0;1;1;True;N/A;N/A
00047-00000127.soc;19;49;49;True;True;False;19;19;0;0;1;1;True;N/A;N/A
00047-00000113.soi;2197;54;54;True;False;False;200;16;0;0;1;1;False;N/A;N/A
00047-00000128.soc;20;53;53;True;True;False;20;20;0;0;1;1;True;N/A;N/A
00047-00000114.soi;2182;54;54;True;False;False;200;20;0;0;1;1;False;N/A;N/A
00047-00000129.soc;19;51;51;True;True;False;19;19;0;0;1;1;True;N/A;N/A
00047-00000115.soi;2185;54;54;True;False;False;200;20;0;0;1;1;False;N/A;N/A
00047-00000130.soc;21;51;51;True;True;False;21;21;0;0;1;1;True;N/A;N/A
00047-00000116.soi;2215;54;54;True;False;False;200;18;0;0;1;1;False;N/A;N/A
00047-00000131.soc;21;51;51;True;True;False;21;21;0;0;1;1;True;N/A;N/A
00047-00000117.soi;2228;54;54;True;False;False;200;21;0;0;1;1;False;N/A;N/A
00047-00000132.soc;22;53;53;True;True;False;22;22;0;0;1;1;True;N/A;N/A
00047-00000120.soi;2308;54;54;True;False;False;200;21;0;0;1;1;False;N/A;N/A
00047-00000133.soc;20;52;52;True;True;False;20;20;0;0;1;1;True;N/A;N/A
00047-00000121.soi;2258;54;54;True;False;False;200;14;0;0;1;1;False;N/A;N/A
00047-00000134.soc;20;49;49;True;True;False;20;20;0;0;1;1;True;N/A;N/A
00047-00000118.soi;2242;54;54;True;False;False;200;22;0;0;1;1;False;N/A;N/A
00047-00000122.soi;2229;54;54;True;False;False;200;19;0;0;1;1;False;N/A;N/A
00047-00000135.soc;21;52;52;True;True;False;21;21;0;0;1;1;True;N/A;N/A
00047-00000136.soc;21;53;53;True;True;False;21;21;0;0;1;1;True;N/A;N/A
00047-00000123.soi;2242;54;54;True;False;False;200;17;0;0;1;1;False;N/A;N/A
00047-00000119.soi;2292;54;54;True;False;False;200;23;0;0;1;1;False;N/A;N/A
00047-00000137.soc;21;52;52;True;True;False;21;21;0;0;1;1;True;N/A;N/A
00047-00000138.soc;23;53;53;True;True;False;23;23;0;0;1;1;True;N/A;N/A
00047-00000124.soi;2282;54;54;True;False;False;200;18;0;0;1;1;False;N/A;N/A
00047-00000139.soc;24;53;53;True;True;False;24;24;0;0;1;1;True;N/A;N/A
00047-00000125.soi;2327;54;54;True;False;False;200;23;0;0;1;1;False;N/A;N/A
00047-00000140.soc;23;50;50;True;True;False;23;23;0;0;1;1;True;N/A;N/A
00047-00000127.soi;2273;54;54;True;False;False;200;13;0;0;1;1;False;N/A;N/A
00047-00000141.soc;19;50;50;True;True;False;19;19;0;0;1;1;True;N/A;N/A
00047-00000126.soi;2326;54;54;True;False;False;200;22;0;0;1;1;False;N/A;N/A
00047-00000142.soc;21;52;52;True;True;False;21;21;0;0;1;1;True;N/A;N/A
00047-00000128.soi;2297;54;54;True;False;False;200;15;0;0;1;1;False;N/A;N/A
00047-00000143.soc;21;53;53;True;True;False;21;21;0;0;1;1;True;N/A;N/A
00047-00000129.soi;2285;54;54;True;False;False;200;17;0;0;1;1;False;N/A;N/A
00047-00000144.soc;22;53;53;True;True;False;22;22;0;0;1;1;True;N/A;N/A
00047-00000130.soi;2303;54;54;True;False;False;200;22;0;0;1;1;False;N/A;N/A
00047-00000145.soc;22;53;53;True;True;False;22;22;0;0;1;1;True;N/A;N/A
00047-00000131.soi;2310;54;54;True;False;False;200;23;0;0;1;1;False;N/A;N/A
00047-00000146.soc;25;53;53;True;True;False;25;25;0;0;1;1;True;N/A;N/A
00047-00000134.soi;2252;54;54;True;False;False;200;15;0;0;1;1;False;N/A;N/A
00047-00000147.soc;21;53;53;True;True;False;21;21;0;0;1;1;True;N/A;N/A
00047-00000133.soi;2314;54;54;True;False;False;200;21;0;0;1;1;False;N/A;N/A
00047-00000148.soc;21;50;50;True;True;False;21;21;0;0;1;1;True;N/A;N/A
00047-00000132.soi;2296;54;54;True;False;False;200;26;0;0;1;1;False;N/A;N/A
00047-00000135.soi;2264;54;54;True;False;False;200;22;0;0;1;1;False;N/A;N/A
00047-00000149.soc;24;53;53;True;True;False;24;24;0;0;1;1;True;N/A;N/A
00047-00000150.soc;23;53;53;True;True;False;23;23;0;0;1;1;True;N/A;N/A
00047-00000137.soi;2279;54;54;True;False;False;200;21;0;0;1;1;False;N/A;N/A
00047-00000136.soi;2281;54;54;True;False;False;200;25;0;0;1;1;False;N/A;N/A
00047-00000151.soc;21;53;53;True;True;False;21;21;0;0;1;1;True;N/A;N/A
00047-00000152.soc;21;46;46;True;True;False;21;21;0;0;1;1;True;N/A;N/A
00047-00000138.soi;2263;54;54;True;False;False;200;19;0;0;1;1;False;N/A;N/A
00047-00000153.soc;23;53;53;True;True;False;23;23;0;0;1;1;True;N/A;N/A
00047-00000139.soi;2269;54;54;True;False;False;200;21;0;0;1;1;False;N/A;N/A
00047-00000154.soc;23;53;53;True;True;False;23;23;0;0;1;1;True;N/A;N/A
00047-00000141.soi;2236;54;54;True;False;False;200;18;0;0;1;1;False;N/A;N/A
00047-00000140.soi;2301;54;54;True;False;False;200;23;0;0;1;1;False;N/A;N/A
00047-00000155.soc;23;53;53;True;True;False;23;23;0;0;1;1;True;N/A;N/A
00047-00000156.soc;24;53;53;True;True;False;24;24;0;0;1;1;True;N/A;N/A
00047-00000142.soi;2264;54;54;True;False;False;200;21;0;0;1;1;False;N/A;N/A
00047-00000157.soc;27;53;53;True;True;False;27;27;0;0;1;1;True;N/A;N/A
00047-00000143.soi;2253;54;54;True;False;False;200;19;0;0;1;1;False;N/A;N/A
00047-00000158.soc;21;53;53;True;True;False;21;21;0;0;1;1;True;N/A;N/A
00047-00000144.soi;2253;54;54;True;False;False;200;22;0;0;1;1;False;N/A;N/A
00047-00000159.soc;21;51;51;True;True;False;21;21;0;0;1;1;True;N/A;N/A
00047-00000145.soi;2274;54;54;True;False;False;200;22;0;0;1;1;False;N/A;N/A
00047-00000160.soc;22;53;53;True;True;False;22;22;0;0;1;1;True;N/A;N/A
00047-00000148.soi;2283;54;54;True;False;False;200;18;0;0;1;1;True;N/A;N/A
00047-00000146.soi;2277;54;54;True;False;False;200;24;0;0;1;1;False;N/A;N/A
00047-00000161.soc;24;53;53;True;True;False;24;24;0;0;1;1;True;N/A;N/A
00047-00000162.soc;25;53;53;True;True;False;25;25;0;0;1;1;True;N/A;N/A
00047-00000147.soi;2338;54;54;True;False;False;200;23;0;0;1;1;True;N/A;N/A
00047-00000163.soc;25;53;53;True;True;False;25;25;0;0;1;1;True;N/A;N/A
00047-00000149.soi;2262;54;54;True;False;False;200;19;0;0;1;1;False;N/A;N/A
00047-00000164.soc;26;53;53;True;True;False;26;26;0;0;1;1;True;N/A;N/A
00047-00000152.soi;2323;54;54;True;False;False;200;19;0;0;1;1;False;N/A;N/A
00047-00000165.soc;22;53;53;True;True;False;22;22;0;0;1;1;True;N/A;N/A
00047-00000150.soi;2325;54;54;True;False;False;200;23;0;0;1;1;False;N/A;N/A
00047-00000166.soc;24;50;50;True;True;False;24;24;0;0;1;1;True;N/A;N/A
00047-00000153.soi;2292;54;54;True;False;False;200;19;0;0;1;1;False;N/A;N/A
00047-00000167.soc;25;53;53;True;True;False;25;25;0;0;1;1;True;N/A;N/A
00047-00000151.soi;2358;54;54;True;False;False;200;22;0;0;1;1;False;N/A;N/A
00047-00000168.soc;26;53;53;True;True;False;26;26;0;0;1;1;True;N/A;N/A
00047-00000154.soi;2308;54;54;True;False;False;200;22;0;0;1;1;False;N/A;N/A
00047-00000169.soc;22;53;53;True;True;False;22;22;0;0;1;1;True;N/A;N/A
00047-00000156.soi;2330;54;54;True;False;False;200;20;0;0;1;1;False;N/A;N/A
00047-00000155.soi;2295;54;54;True;False;False;200;21;0;0;1;1;False;N/A;N/A
00047-00000170.soc;25;53;53;True;True;False;25;25;0;0;1;1;True;N/A;N/A
00047-00000171.soc;24;53;53;True;True;False;24;24;0;0;1;1;True;N/A;N/A
00047-00000159.soi;2340;54;54;True;False;False;200;19;0;0;1;1;False;N/A;N/A
00047-00000172.soc;26;49;49;True;True;False;26;26;0;0;1;1;True;N/A;N/A
00047-00000158.soi;2360;54;54;True;False;False;200;24;0;0;1;1;False;N/A;N/A
00047-00000173.soc;21;48;48;True;True;False;21;21;0;0;1;1;True;N/A;N/A
00047-00000157.soi;2364;54;54;True;False;False;200;23;0;0;1;1;False;N/A;N/A
00047-00000174.soc;21;53;53;True;True;False;21;21;0;0;1;1;True;N/A;N/A
00047-00000160.soi;2337;54;54;True;False;False;200;19;0;0;1;1;False;N/A;N/A
00047-00000175.soc;22;53;53;True;True;False;22;22;0;0;1;1;True;N/A;N/A
00047-00000161.soi;2345;54;54;True;False;False;200;25;0;0;1;1;False;N/A;N/A
00047-00000176.soc;22;53;53;True;True;False;22;22;0;0;1;1;True;N/A;N/A
00047-00000162.soi;2365;54;54;True;False;False;200;24;0;0;1;1;False;N/A;N/A
00047-00000177.soc;24;53;53;True;True;False;24;24;0;0;1;1;True;N/A;N/A
00047-00000163.soi;2435;54;54;True;False;False;200;25;0;0;1;1;False;N/A;N/A
00047-00000166.soi;2403;54;54;True;False;False;200;23;0;0;1;1;False;N/A;N/A
00047-00000178.soc;23;53;53;True;True;False;23;23;0;0;1;1;True;N/A;N/A
00047-00000179.soc;21;52;52;True;True;False;21;21;0;0;1;1;True;N/A;N/A
00047-00000165.soi;2424;54;54;True;False;False;200;22;0;0;1;1;False;N/A;N/A
00047-00000167.soi;2392;54;54;True;False;False;200;25;0;0;1;1;False;N/A;N/A
00047-00000180.soc;20;49;49;True;True;False;20;20;0;0;1;1;True;N/A;N/A
00047-00000181.soc;22;53;53;True;True;False;22;22;0;0;1;1;True;N/A;N/A
00047-00000164.soi;2413;54;54;True;False;False;200;25;0;0;1;1;False;N/A;N/A
00047-00000182.soc;22;53;53;True;True;False;22;22;0;0;1;1;True;N/A;N/A
00047-00000168.soi;2375;54;54;True;False;False;200;29;0;0;1;1;False;N/A;N/A
00047-00000183.soc;22;53;53;True;True;False;22;22;0;0;1;1;True;N/A;N/A
00047-00000169.soi;2373;54;54;True;False;False;200;25;0;0;1;1;False;N/A;N/A
00047-00000184.soc;21;53;53;True;True;False;21;21;0;0;1;1;True;N/A;N/A
00047-00000170.soi;2442;54;54;True;False;False;200;28;0;0;1;1;False;N/A;N/A
00047-00000173.soi;2420;54;54;True;False;False;200;17;0;0;1;1;False;N/A;N/A
00047-00000185.soc;23;53;53;True;True;False;23;23;0;0;1;1;True;N/A;N/A
00047-00000186.soc;22;51;51;True;True;False;22;22;0;0;1;1;True;N/A;N/A
00047-00000172.soi;2476;54;54;True;False;False;200;24;0;0;1;1;False;N/A;N/A
00047-00000187.soc;20;50;50;True;True;False;20;20;0;0;1;1;True;N/A;N/A
00047-00000171.soi;2513;54;54;True;False;False;200;22;0;0;1;1;False;N/A;N/A
00047-00000174.soi;2391;54;54;True;False;False;200;22;0;0;1;1;False;N/A;N/A
00047-00000188.soc;25;52;52;True;True;False;25;25;0;0;1;1;True;N/A;N/A
00047-00000189.soc;22;53;53;True;True;False;22;22;0;0;1;1;True;N/A;N/A
00047-00000175.soi;2382;54;54;True;False;False;200;22;0;0;1;1;False;N/A;N/A
00047-00000190.soc;23;53;53;True;True;False;23;23;0;0;1;1;True;N/A;N/A
00047-00000176.soi;2362;54;54;True;False;False;200;21;0;0;1;1;False;N/A;N/A
00047-00000191.soc;22;54;54;True;True;False;22;22;0;0;1;1;True;N/A;N/A
00047-00000177.soi;2422;54;54;True;False;False;200;24;0;0;1;1;False;N/A;N/A
00047-00000192.soc;23;54;54;True;True;False;23;23;0;0;1;1;True;N/A;N/A
00047-00000180.soi;2461;54;54;True;False;False;200;16;0;0;1;1;False;N/A;N/A
00047-00000193.soc;21;53;53;True;True;False;21;21;0;0;1;1;True;N/A;N/A
00047-00000178.soi;2428;54;54;True;False;False;200;28;0;0;1;1;False;N/A;N/A
00047-00000181.soi;2470;54;54;True;False;False;200;21;0;0;1;1;False;N/A;N/A
00047-00000179.soi;2473;54;54;True;False;False;200;27;0;0;1;1;False;N/A;N/A
00047-00000194.soc;20;50;50;True;True;False;20;20;0;0;1;1;True;N/A;N/A
00047-00000195.soc;22;52;52;True;True;False;22;22;0;0;1;1;True;N/A;N/A
00047-00000196.soc;21;53;53;True;True;False;21;21;0;0;1;1;True;N/A;N/A
00047-00000182.soi;2472;54;54;True;False;False;200;27;0;0;1;1;False;N/A;N/A
00047-00000197.soc;22;53;53;True;True;False;22;22;0;0;1;1;True;N/A;N/A
00047-00000183.soi;2439;54;54;True;False;False;200;25;0;0;1;1;False;N/A;N/A
00047-00000198.soc;23;53;53;True;True;False;23;23;0;0;1;1;True;N/A;N/A
00047-00000184.soi;2503;54;54;True;False;False;200;27;0;0;1;1;False;N/A;N/A
00047-00000199.soc;24;54;54;True;True;False;24;24;0;0;1;1;True;N/A;N/A
00047-00000185.soi;2543;54;54;True;False;False;200;31;0;0;1;1;False;N/A;N/A
00047-00000200.soc;20;50;50;True;True;False;20;20;0;0;1;1;True;N/A;N/A
00047-00000187.soi;2525;54;54;True;False;False;200;21;0;0;1;1;False;N/A;N/A
00047-00000201.soc;20;53;53;True;True;False;20;20;0;0;1;1;True;N/A;N/A
00047-00000186.soi;2541;54;54;True;False;False;200;29;0;0;1;1;False;N/A;N/A
00047-00000202.soc;26;53;53;True;True;False;26;26;0;0;1;1;True;N/A;N/A
00047-00000188.soi;2514;54;54;True;False;False;200;20;0;0;1;1;False;N/A;N/A
00047-00000203.soc;25;53;53;True;True;False;25;25;0;0;1;1;True;N/A;N/A
00047-00000190.soi;2465;54;54;True;False;False;200;22;0;0;1;1;False;N/A;N/A
00047-00000204.soc;22;53;53;True;True;False;22;22;0;0;1;1;True;N/A;N/A
00047-00000189.soi;2485;54;54;True;False;False;200;25;0;0;1;1;False;N/A;N/A
00047-00000205.soc;22;53;53;True;True;False;22;22;0;0;1;1;True;N/A;N/A
00047-00000191.soi;2499;54;54;True;False;False;200;28;0;0;1;1;False;N/A;N/A
00047-00000206.soc;21;53;53;True;True;False;21;21;0;0;1;1;True;N/A;N/A
00047-00000192.soi;2445;54;54;True;False;False;200;29;0;0;1;1;False;N/A;N/A
00047-00000207.soc;21;52;52;True;True;False;21;21;0;0;1;1;True;N/A;N/A
00047-00000193.soi;2485;54;54;True;False;False;200;24;0;0;1;1;False;N/A;N/A
00047-00000208.soc;21;52;52;True;True;False;21;21;0;0;1;1;True;N/A;N/A
00047-00000194.soi;2464;54;54;True;False;False;200;19;0;0;1;1;False;N/A;N/A
00047-00000209.soc;22;53;53;True;True;False;22;22;0;0;1;1;True;N/A;N/A
00047-00000196.soi;2437;54;54;True;False;False;200;30;0;0;1;1;False;N/A;N/A
00047-00000195.soi;2459;54;54;True;False;False;200;21;0;0;1;1;False;N/A;N/A
00047-00000210.soc;23;53;53;True;True;False;23;23;0;0;1;1;True;N/A;N/A
00047-00000211.soc;22;53;53;True;True;False;22;22;0;0;1;1;True;N/A;N/A
00047-00000197.soi;2434;54;54;True;False;False;200;22;0;0;1;1;False;N/A;N/A
00047-00000212.soc;21;53;53;True;True;False;21;21;0;0;1;1;True;N/A;N/A
00047-00000198.soi;2459;54;54;True;False;False;200;23;0;0;1;1;False;N/A;N/A
00047-00000213.soc;23;53;53;True;True;False;23;23;0;0;1;1;True;N/A;N/A
00047-00000199.soi;2183;54;54;True;False;False;200;28;0;0;1;1;False;N/A;N/A
00047-00000214.soc;21;51;51;True;True;False;21;21;0;0;1;1;True;N/A;N/A
00047-00000201.soi;2378;54;54;True;False;False;200;16;0;0;1;1;False;N/A;N/A
00047-00000215.soc;24;48;48;True;True;False;24;24;0;0;1;1;True;N/A;N/A
00047-00000200.soi;2349;54;54;True;False;False;200;27;0;0;1;1;False;N/A;N/A
00047-00000216.soc;21;51;51;True;True;False;21;21;0;0;1;1;True;N/A;N/A
00047-00000202.soi;2347;54;54;True;False;False;200;18;0;0;1;1;False;N/A;N/A
00047-00000217.soc;21;53;53;True;True;False;21;21;0;0;1;1;True;N/A;N/A
00047-00000203.soi;2379;54;54;True;False;False;200;21;0;0;1;1;False;N/A;N/A
00047-00000218.soc;21;53;53;True;True;False;21;21;0;0;1;1;True;N/A;N/A
00047-00000204.soi;2395;54;54;True;False;False;200;21;0;0;1;1;False;N/A;N/A
00047-00000219.soc;21;52;52;True;True;False;21;21;0;0;1;1;True;N/A;N/A
00047-00000205.soi;2464;54;54;True;False;False;200;20;0;0;1;1;False;N/A;N/A
00047-00000220.soc;22;53;53;True;True;False;22;22;0;0;1;1;True;N/A;N/A
00047-00000206.soi;2468;54;54;True;False;False;200;23;0;0;1;1;False;N/A;N/A
00047-00000221.soc;21;51;51;True;True;False;21;21;0;0;1;1;True;N/A;N/A
00047-00000207.soi;2509;54;54;True;False;False;200;23;0;0;1;1;False;N/A;N/A
00047-00000222.soc;23;48;48;True;True;False;23;23;0;0;1;1;True;N/A;N/A
00047-00000208.soi;2482;54;54;True;False;False;200;14;0;0;1;1;False;N/A;N/A
00047-00000223.soc;21;51;51;True;True;False;21;21;0;0;1;1;True;N/A;N/A
00047-00000209.soi;2472;54;54;True;False;False;200;16;0;0;1;1;False;N/A;N/A
00047-00000224.soc;21;51;51;True;True;False;21;21;0;0;1;1;True;N/A;N/A
00047-00000210.soi;2476;54;54;True;False;False;200;15;0;0;1;1;False;N/A;N/A
00047-00000225.soc;21;53;53;True;True;False;21;21;0;0;1;1;True;N/A;N/A
00047-00000211.soi;2470;54;54;True;False;False;200;23;0;0;1;1;False;N/A;N/A
00047-00000226.soc;21;52;52;True;True;False;21;21;0;0;1;1;True;N/A;N/A
00047-00000212.soi;2523;54;54;True;False;False;200;17;0;0;1;1;False;N/A;N/A
00047-00000227.soc;24;53;53;True;True;False;24;24;0;0;1;1;True;N/A;N/A
00047-00000214.soi;2540;54;54;True;False;False;200;22;0;0;1;1;False;N/A;N/A
00047-00000215.soi;2521;54;54;True;False;False;200;20;0;0;1;1;False;N/A;N/A
00047-00000228.soc;25;50;50;True;True;False;25;25;0;0;1;1;True;N/A;N/A
00047-00000229.soc;20;50;50;True;True;False;20;20;0;0;1;1;True;N/A;N/A
00047-00000213.soi;2553;54;54;True;False;False;200;22;0;0;1;1;False;N/A;N/A
00047-00000230.soc;23;52;52;True;True;False;23;23;0;0;1;1;True;N/A;N/A
00047-00000216.soi;2512;52;52;True;False;False;200;53;0;0;1;1;False;N/A;N/A
00047-00000231.soc;22;52;52;True;True;False;22;22;0;0;1;1;True;N/A;N/A
00047-00000217.soi;2496;53;53;True;False;False;200;54;0;0;1;1;False;N/A;N/A
00047-00000232.soc;22;53;53;True;True;False;22;22;0;0;1;1;True;N/A;N/A
00047-00000218.soi;2508;53;53;True;False;False;200;51;0;0;1;1;False;N/A;N/A
00047-00000233.soc;22;52;52;True;True;False;22;22;0;0;1;1;True;N/A;N/A
00047-00000219.soi;2541;52;52;True;False;False;200;56;0;0;1;1;False;N/A;N/A
00047-00000234.soc;24;53;53;True;True;False;24;24;0;0;1;1;True;N/A;N/A
00047-00000222.soi;2485;49;49;True;False;False;200;63;0;0;1;1;False;N/A;N/A
00047-00000221.soi;2531;51;51;True;False;False;200;50;0;0;1;1;False;N/A;N/A
00047-00000235.soc;22;51;51;True;True;False;22;22;0;0;1;1;True;N/A;N/A
00047-00000236.soc;22;49;49;True;True;False;22;22;0;0;1;1;True;N/A;N/A
00047-00000220.soi;2516;53;53;True;False;False;200;55;0;0;1;1;False;N/A;N/A
00047-00000237.soc;22;52;52;True;True;False;22;22;0;0;1;1;False;N/A;N/A
00047-00000223.soi;2506;53;53;True;False;False;200;51;0;0;1;1;False;N/A;N/A
00047-00000238.soc;22;53;53;True;True;False;22;22;0;0;1;1;True;N/A;N/A
00047-00000224.soi;2491;52;52;True;False;False;200;52;0;0;1;1;False;N/A;N/A
00047-00000239.soc;22;52;52;True;True;False;22;22;0;0;1;1;True;N/A;N/A
00047-00000225.soi;2495;53;53;True;False;False;200;51;0;0;1;1;False;N/A;N/A
00047-00000240.soc;23;51;51;True;True;False;23;23;0;0;1;1;True;N/A;N/A
00047-00000226.soi;2499;52;52;True;False;False;200;53;0;0;1;1;False;N/A;N/A
00047-00000241.soc;23;52;52;True;True;False;23;23;0;0;1;1;True;N/A;N/A
00047-00000229.soi;2480;50;50;True;False;False;200;50;0;0;1;1;False;N/A;N/A
00047-00000242.soc;23;50;50;True;True;False;23;23;0;0;1;1;True;N/A;N/A
00047-00000228.soi;2519;50;50;True;False;False;200;56;0;0;1;1;False;N/A;N/A
00047-00000230.soi;2495;52;52;True;False;False;200;54;0;0;1;1;False;N/A;N/A
00047-00000243.soc;21;50;50;True;True;False;21;21;0;0;1;1;True;N/A;N/A
00047-00000227.soi;2504;53;53;True;False;False;200;53;0;0;1;1;False;N/A;N/A
00047-00000244.soc;24;50;50;True;True;False;24;24;0;0;1;1;True;N/A;N/A
00047-00000245.soc;22;52;52;True;True;False;22;22;0;0;1;1;True;N/A;N/A
00047-00000231.soi;2490;52;52;True;False;False;200;58;0;0;1;1;False;N/A;N/A
00047-00000246.soc;23;51;51;True;True;False;23;23;0;0;1;1;True;N/A;N/A
00047-00000232.soi;2498;54;54;True;False;False;200;24;0;0;1;1;False;N/A;N/A
00047-00000247.soc;21;52;52;True;True;False;21;21;0;0;1;1;True;N/A;N/A
00047-00000233.soi;2519;52;52;True;False;False;200;54;0;0;1;1;False;N/A;N/A
00047-00000248.soc;23;53;53;True;True;False;23;23;0;0;1;1;True;N/A;N/A
00047-00000236.soi;2484;49;49;True;False;False;200;64;0;0;1;1;False;N/A;N/A
00047-00000249.soc;23;51;51;True;True;False;23;23;0;0;1;1;True;N/A;N/A
00047-00000234.soi;2527;53;53;True;False;False;200;51;0;0;1;1;False;N/A;N/A
00047-00000250.soc;21;50;50;True;True;False;21;21;0;0;1;1;False;N/A;N/A
00047-00000237.soi;2495;52;52;True;False;False;200;52;0;0;1;1;False;N/A;N/A
00047-00000251.soc;23;51;51;True;True;False;23;23;0;0;1;1;True;N/A;N/A
00047-00000235.soi;2547;51;51;True;False;False;200;51;0;0;1;1;False;N/A;N/A
00047-00000252.soc;23;52;52;True;True;False;23;23;0;0;1;1;True;N/A;N/A
00047-00000238.soi;2470;53;53;True;False;False;200;53;0;0;1;1;False;N/A;N/A
00047-00000253.soc;21;52;52;True;True;False;21;21;0;0;1;1;True;N/A;N/A
00047-00000239.soi;2484;52;52;True;False;False;200;56;0;0;1;1;False;N/A;N/A
00047-00000254.soc;22;51;51;True;True;False;22;22;0;0;1;1;True;N/A;N/A
00047-00000240.soi;2503;52;52;True;False;False;200;53;0;0;1;1;False;N/A;N/A
00047-00000255.soc;21;53;53;True;True;False;21;21;0;0;1;1;True;N/A;N/A
00047-00000241.soi;2541;52;52;True;False;False;200;51;0;0;1;1;False;N/A;N/A
00047-00000256.soc;20;50;50;True;True;False;20;20;0;0;1;1;True;N/A;N/A
00047-00000243.soi;2527;50;50;True;False;False;200;51;0;0;1;1;False;N/A;N/A
00047-00000257.soc;21;48;48;True;True;False;21;21;0;0;1;1;True;N/A;N/A
00047-00000242.soi;2575;50;50;True;False;False;200;55;0;0;1;1;False;N/A;N/A
00047-00000258.soc;21;50;50;True;True;False;21;21;0;0;1;1;False;N/A;N/A
00047-00000245.soi;2510;52;52;True;False;False;200;50;0;0;1;1;False;N/A;N/A
00047-00000244.soi;2514;50;50;True;False;False;200;61;0;0;1;1;False;N/A;N/A
00047-00000259.soc;20;51;51;True;True;False;20;20;0;0;1;1;True;N/A;N/A
00047-00000246.soi;2520;51;51;True;False;False;200;52;0;0;1;1;False;N/A;N/A
00047-00000260.soc;21;50;50;True;True;False;21;21;0;0;1;1;True;N/A;N/A
00047-00000261.soc;20;51;51;True;True;False;20;20;0;0;1;1;True;N/A;N/A
00047-00000247.soi;2570;52;52;True;False;False;200;50;0;0;1;1;False;N/A;N/A
00047-00000262.soc;20;51;51;True;True;False;20;20;0;0;1;1;False;N/A;N/A
00047-00000250.soi;2578;50;50;True;False;False;200;52;0;0;1;1;False;N/A;N/A
00047-00000263.soc;20;50;50;True;True;False;20;20;0;0;1;1;False;N/A;N/A
00047-00000249.soi;2637;51;51;True;False;False;200;51;0;0;1;1;False;N/A;N/A
00047-00000264.soc;20;49;49;True;True;False;20;20;0;0;1;1;False;N/A;N/A
00047-00000248.soi;2626;53;53;True;False;False;200;50;0;0;1;1;False;N/A;N/A
00047-00000265.soc;20;50;50;True;True;False;20;20;0;0;1;1;True;N/A;N/A
00047-00000251.soi;2575;51;51;True;False;False;200;53;0;0;1;1;False;N/A;N/A
00047-00000266.soc;20;50;50;True;True;False;20;20;0;0;1;1;True;N/A;N/A
00047-00000252.soi;2552;52;52;True;False;False;200;51;0;0;1;1;False;N/A;N/A
00047-00000267.soc;20;51;51;True;True;False;20;20;0;0;1;1;True;N/A;N/A
00047-00000253.soi;2545;52;52;True;False;False;200;51;0;0;1;1;False;N/A;N/A
00047-00000268.soc;21;51;51;True;True;False;21;21;0;0;1;1;True;N/A;N/A
00047-00000254.soi;2595;51;51;True;False;False;200;55;0;0;1;1;False;N/A;N/A
00047-00000269.soc;21;52;52;True;True;False;21;21;0;0;1;1;True;N/A;N/A
00047-00000255.soi;2627;53;53;True;False;False;200;55;0;0;1;1;False;N/A;N/A
00047-00000270.soc;20;50;50;True;True;False;20;20;0;0;1;1;True;N/A;N/A
00047-00000256.soi;2680;51;51;True;False;False;200;52;0;0;1;1;False;N/A;N/A
00047-00000271.soc;19;46;46;True;True;False;19;19;0;0;1;1;True;N/A;N/A
00047-00000257.soi;2636;49;49;True;False;False;200;67;0;0;1;1;False;N/A;N/A
00047-00000272.soc;20;50;50;True;True;False;20;20;0;0;1;1;True;N/A;N/A
00047-00000258.soi;2601;51;51;True;False;False;200;56;0;0;1;1;False;N/A;N/A
00047-00000273.soc;20;49;49;True;True;False;20;20;0;0;1;1;True;N/A;N/A
00047-00000259.soi;2527;53;53;True;False;False;200;50;0;0;1;1;False;N/A;N/A
00047-00000274.soc;20;50;50;True;True;False;20;20;0;0;1;1;True;N/A;N/A
00047-00000260.soi;2509;53;53;True;False;False;200;50;0;0;1;1;False;N/A;N/A
00047-00000261.soi;2515;52;52;True;False;False;200;51;0;0;1;1;False;N/A;N/A
00047-00000275.soc;19;48;48;True;True;False;19;19;0;0;1;1;True;N/A;N/A
00047-00000276.soc;20;48;48;True;True;False;20;20;0;0;1;1;True;N/A;N/A
00047-00000262.soi;2578;53;53;True;False;False;200;53;0;0;1;1;False;N/A;N/A
00047-00000277.soc;18;46;46;True;True;False;18;18;0;0;1;1;True;N/A;N/A
00047-00000264.soi;2561;49;49;True;False;False;200;66;0;0;1;1;False;N/A;N/A
00047-00000278.soc;18;49;49;True;True;False;18;18;0;0;1;1;True;N/A;N/A
00047-00000263.soi;2572;50;50;True;False;False;200;56;0;0;1;1;False;N/A;N/A
00047-00000279.soc;19;49;49;True;True;False;19;19;0;0;1;1;True;N/A;N/A
00047-00000265.soi;2511;50;50;True;False;False;200;57;0;0;1;1;False;N/A;N/A
00047-00000280.soc;19;49;49;True;True;False;19;19;0;0;1;1;True;N/A;N/A
00047-00000266.soi;2457;50;50;True;False;False;200;53;0;0;1;1;False;N/A;N/A
00047-00000281.soc;21;46;46;True;True;False;21;21;0;0;1;1;True;N/A;N/A
00047-00000267.soi;2505;51;51;True;False;False;200;52;0;0;1;1;False;N/A;N/A
00047-00000282.soc;19;48;48;True;True;False;19;19;0;0;1;1;True;N/A;N/A
00047-00000268.soi;2530;52;52;True;False;False;200;50;0;0;1;1;False;N/A;N/A
00047-00000283.soc;19;48;48;True;True;False;19;19;0;0;1;1;True;N/A;N/A
00047-00000269.soi;2631;53;53;True;False;False;200;55;0;0;1;1;False;N/A;N/A
00047-00000284.soc;18;46;46;True;True;False;18;18;0;0;1;1;True;N/A;N/A
00047-00000271.soi;2570;51;51;True;False;False;200;50;0;0;1;1;False;N/A;N/A
00047-00000285.soc;17;48;48;True;True;False;17;17;0;0;1;1;True;N/A;N/A
00047-00000270.soi;2642;52;52;True;False;False;200;54;0;0;1;1;False;N/A;N/A
00047-00000286.soc;19;45;45;True;True;False;19;19;0;0;1;1;True;N/A;N/A
00047-00000272.soi;2576;52;52;True;False;False;200;52;0;0;1;1;False;N/A;N/A
00047-00000287.soc;19;48;48;True;True;False;19;19;0;0;1;1;True;N/A;N/A
00047-00000273.soi;2519;52;52;True;False;False;200;53;0;0;1;1;False;N/A;N/A
00047-00000288.soc;18;45;45;True;True;False;18;18;0;0;1;1;True;N/A;N/A
00047-00000274.soi;2542;53;53;True;False;False;200;50;0;0;1;1;False;N/A;N/A
00047-00000289.soc;17;44;44;True;True;False;17;17;0;0;1;1;True;N/A;N/A
00047-00000277.soi;2613;52;52;True;False;False;200;50;0;0;1;1;False;N/A;N/A
00047-00000275.soi;2588;53;53;True;False;False;200;51;0;0;1;1;False;N/A;N/A
00047-00000290.soc;19;48;48;True;True;False;19;19;0;0;1;1;True;N/A;N/A
00047-00000291.soc;18;48;48;True;True;False;18;18;0;0;1;1;True;N/A;N/A
00047-00000276.soi;2616;53;53;True;False;False;200;53;0;0;1;1;False;N/A;N/A
00047-00000292.soc;18;48;48;True;True;False;18;18;0;0;1;1;True;N/A;N/A
00047-00000278.soi;2583;50;50;True;False;False;200;57;0;0;1;1;False;N/A;N/A
00047-00000293.soc;18;43;43;True;True;False;18;18;0;0;1;1;True;N/A;N/A
00047-00000279.soi;2571;52;52;True;False;False;200;51;0;0;1;1;False;N/A;N/A
00047-00000294.soc;18;41;41;True;True;False;18;18;0;0;1;1;True;N/A;N/A
00047-00000281.soi;2550;53;53;True;False;False;200;52;0;0;1;1;False;N/A;N/A
00047-00000295.soc;17;43;43;True;True;False;17;17;0;0;1;1;True;N/A;N/A
00047-00000280.soi;2536;52;52;True;False;False;200;52;0;0;1;1;False;N/A;N/A
00047-00000296.soc;18;48;48;True;True;False;18;18;0;0;1;1;True;N/A;N/A
00047-00000282.soi;2612;52;52;True;False;False;200;54;0;0;1;1;False;N/A;N/A
00047-00000297.soc;19;44;44;True;True;False;19;19;0;0;1;1;True;N/A;N/A
00047-00000283.soi;2633;53;53;True;False;False;200;54;0;0;1;1;False;N/A;N/A
00047-00000298.soc;20;49;49;True;True;False;20;20;0;0;1;1;True;N/A;N/A
00047-00000284.soi;2631;52;52;True;False;False;200;52;0;0;1;1;False;N/A;N/A
00047-00000299.soc;18;47;47;True;True;False;18;18;0;0;1;1;True;N/A;N/A
00047-00000285.soi;2617;50;50;True;False;False;200;55;0;0;1;1;False;N/A;N/A
00047-00000300.soc;18;44;44;True;True;False;18;18;0;0;1;1;True;N/A;N/A
00047-00000286.soi;2582;51;51;True;False;False;200;54;0;0;1;1;False;N/A;N/A
00047-00000301.soc;20;50;50;True;True;False;20;20;0;0;1;1;True;N/A;N/A
00047-00000287.soi;2565;53;53;True;False;False;200;50;0;0;1;1;False;N/A;N/A
00047-00000302.soc;19;48;48;True;True;False;19;19;0;0;1;1;True;N/A;N/A
00047-00000288.soi;2598;52;52;True;False;False;200;52;0;0;1;1;False;N/A;N/A
00047-00000303.soc;17;44;44;True;True;False;17;17;0;0;1;1;True;N/A;N/A
00047-00000289.soi;2643;52;52;True;False;False;200;50;0;0;1;1;False;N/A;N/A
00047-00000304.soc;19;45;45;True;True;False;19;19;0;0;1;1;True;N/A;N/A
00047-00000292.soi;2649;51;51;True;False;False;200;50;0;0;1;1;False;N/A;N/A
00047-00000305.soc;16;43;43;True;True;False;16;16;0;0;1;1;True;N/A;N/A
00047-00000293.soi;2611;52;52;True;False;False;200;50;0;0;1;1;False;N/A;N/A
00047-00000306.soc;16;41;41;True;True;False;16;16;0;0;1;1;True;N/A;N/A
00047-00000290.soi;2633;53;53;True;False;False;200;58;0;0;1;1;False;N/A;N/A
00047-00000307.soc;18;46;46;True;True;False;18;18;0;0;1;1;True;N/A;N/A
00047-00000291.soi;2665;52;52;True;False;False;200;52;0;0;1;1;False;N/A;N/A
00047-00000308.soc;19;44;44;True;True;False;19;19;0;0;1;1;True;N/A;N/A
00047-00000294.soi;2599;52;52;True;False;False;200;50;0;0;1;1;False;N/A;N/A
00047-00000309.soc;17;41;41;True;True;False;17;17;0;0;1;1;True;N/A;N/A
00047-00000295.soi;2592;52;52;True;False;False;200;50;0;0;1;1;False;N/A;N/A
00047-00000310.soc;18;44;44;True;True;False;18;18;0;0;1;1;True;N/A;N/A
00047-00000296.soi;2606;51;51;True;False;False;200;57;0;0;1;1;False;N/A;N/A
00047-00000311.soc;18;46;46;True;True;False;18;18;0;0;1;1;True;N/A;N/A
00047-00000298.soi;2644;50;50;True;False;False;200;61;0;0;1;1;False;N/A;N/A
00047-00000312.soc;17;43;43;True;True;False;17;17;0;0;1;1;True;N/A;N/A
00047-00000297.soi;2637;53;53;True;False;False;200;54;0;0;1;1;False;N/A;N/A
00047-00000313.soc;15;42;42;True;True;False;15;15;0;0;1;1;True;N/A;N/A
00047-00000299.soi;2642;50;50;True;False;False;200;52;0;0;1;1;False;N/A;N/A
00047-00000314.soc;19;38;38;True;True;False;19;19;0;0;1;1;False;N/A;N/A
00047-00000300.soi;2626;52;52;True;False;False;200;52;0;0;1;1;False;N/A;N/A
00047-00000315.soc;17;45;45;True;True;False;17;17;0;0;1;1;True;N/A;N/A
00047-00000301.soi;2576;52;52;True;False;False;200;54;0;0;1;1;False;N/A;N/A
00047-00000302.soi;2622;51;51;True;False;False;200;57;0;0;1;1;False;N/A;N/A
00047-00000316.soc;17;46;46;True;True;False;17;17;0;0;1;1;True;N/A;N/A
00047-00000317.soc;17;41;41;True;True;False;17;17;0;0;1;1;True;N/A;N/A
00047-00000303.soi;2675;52;52;True;False;False;200;53;0;0;1;1;False;N/A;N/A
00047-00000318.soc;18;38;38;True;True;False;18;18;0;0;1;1;True;N/A;N/A
00047-00000304.soi;2613;53;53;True;False;False;200;53;0;0;1;1;False;N/A;N/A
00047-00000319.soc;16;38;38;True;True;False;16;16;0;0;1;1;True;N/A;N/A
00047-00000305.soi;2617;51;51;True;False;False;200;56;0;0;1;1;False;N/A;N/A
00047-00000320.soc;14;42;42;True;True;False;14;14;0;0;1;1;True;N/A;N/A
00047-00000306.soi;2608;51;51;True;False;False;200;51;0;0;1;1;False;N/A;N/A
00047-00000321.soc;17;42;42;True;True;False;17;17;0;0;1;1;True;N/A;N/A
00047-00000307.soi;2609;51;51;True;False;False;200;54;0;0;1;1;False;N/A;N/A
00047-00000322.soc;17;45;45;True;True;False;17;17;0;0;1;1;True;N/A;N/A
00047-00000308.soi;2608;51;51;True;False;False;200;54;0;0;1;1;False;N/A;N/A
00047-00000309.soi;2603;51;51;True;False;False;200;58;0;0;1;1;False;N/A;N/A
00047-00000323.soc;18;47;47;True;True;False;18;18;0;0;1;1;True;N/A;N/A
00047-00000324.soc;18;46;46;True;True;False;18;18;0;0;1;1;True;N/A;N/A
00047-00000310.soi;2659;51;51;True;False;False;200;57;0;0;1;1;False;N/A;N/A
00047-00000325.soc;16;45;45;True;True;False;16;16;0;0;1;1;True;N/A;N/A
00047-00000313.soi;2717;51;51;True;False;False;200;53;0;0;1;1;False;N/A;N/A
00047-00000312.soi;2700;51;51;True;False;False;200;56;0;0;1;1;False;N/A;N/A
00047-00000326.soc;16;45;45;True;True;False;16;16;0;0;1;1;True;N/A;N/A
00047-00000327.soc;14;37;37;True;True;False;14;14;0;0;1;1;True;N/A;N/A
00047-00000311.soi;2722;52;52;True;False;False;200;51;0;0;1;1;False;N/A;N/A
00047-00000328.soc;17;38;38;True;True;False;17;17;0;0;1;1;True;N/A;N/A
00047-00000314.soi;2688;51;51;True;False;False;200;58;0;0;1;1;False;N/A;N/A
00047-00000329.soc;17;45;45;True;True;False;17;17;0;0;1;1;True;N/A;N/A
00047-00000315.soi;2672;51;51;True;False;False;200;60;0;0;1;1;False;N/A;N/A
00047-00000330.soc;16;38;38;True;True;False;16;16;0;0;1;1;True;N/A;N/A
00047-00000316.soi;2700;51;51;True;False;False;200;58;0;0;1;1;False;N/A;N/A
00047-00000331.soc;16;42;42;True;True;False;16;16;0;0;1;1;True;N/A;N/A
00047-00000317.soi;2691;51;51;True;False;False;200;61;0;0;1;1;False;N/A;N/A
00047-00000332.soc;18;44;44;True;True;False;18;18;0;0;1;1;True;N/A;N/A
00047-00000318.soi;2774;53;53;True;False;False;200;52;0;0;1;1;False;N/A;N/A
00047-00000333.soc;19;39;39;True;True;False;19;19;0;0;1;1;True;N/A;N/A
00047-00000319.soi;2771;51;51;True;False;False;200;51;0;0;1;1;False;N/A;N/A
00047-00000334.soc;17;39;39;True;True;False;17;17;0;0;1;1;True;N/A;N/A
00047-00000320.soi;2749;50;50;True;False;False;200;62;0;0;1;1;False;N/A;N/A
00047-00000335.soc;17;43;43;True;True;False;17;17;0;0;1;1;True;N/A;N/A
00047-00000321.soi;2723;51;51;True;False;False;200;54;0;0;1;1;False;N/A;N/A
00047-00000336.soc;16;44;44;True;True;False;16;16;0;0;1;1;True;N/A;N/A
00047-00000322.soi;2703;51;51;True;False;False;200;65;0;0;1;1;False;N/A;N/A
00047-00000337.soc;17;40;40;True;True;False;17;17;0;0;1;1;True;N/A;N/A
00047-00000323.soi;2723;51;51;True;False;False;200;60;0;0;1;1;False;N/A;N/A
00047-00000338.soc;17;42;42;True;True;False;17;17;0;0;1;1;True;N/A;N/A
00047-00000324.soi;2758;51;51;True;False;False;200;58;0;0;1;1;False;N/A;N/A
00047-00000339.soc;16;43;43;True;True;False;16;16;0;0;1;1;True;N/A;N/A
00047-00000325.soi;2834;52;52;True;False;False;200;51;0;0;1;1;False;N/A;N/A
00047-00000340.soc;18;38;38;True;True;False;18;18;0;0;1;1;True;N/A;N/A
00047-00000327.soi;2819;50;50;True;False;False;200;60;0;0;1;1;False;N/A;N/A
00047-00000341.soc;14;38;38;True;True;False;14;14;0;0;1;1;True;N/A;N/A
00047-00000326.soi;2830;50;50;True;False;False;200;72;0;0;1;1;False;N/A;N/A
00047-00000342.soc;15;45;45;True;True;False;15;15;0;0;1;1;True;N/A;N/A
00047-00000328.soi;2784;51;51;True;False;False;200;53;0;0;1;1;False;N/A;N/A
00047-00000343.soc;16;43;43;True;True;False;16;16;0;0;1;1;True;N/A;N/A
00047-00000329.soi;2773;51;51;True;False;False;200;56;0;0;1;1;False;N/A;N/A
00047-00000344.soc;16;44;44;True;True;False;16;16;0;0;1;1;True;N/A;N/A
00047-00000330.soi;2768;51;51;True;False;False;200;63;0;0;1;1;False;N/A;N/A
00047-00000345.soc;15;37;37;True;True;False;15;15;0;0;1;1;True;N/A;N/A
00047-00000331.soi;2824;51;51;True;False;False;200;55;0;0;1;1;False;N/A;N/A
00047-00000346.soc;17;36;36;True;True;False;17;17;0;0;1;1;True;N/A;N/A
00047-00000332.soi;2836;53;53;True;False;False;200;57;0;0;1;1;False;N/A;N/A
00047-00000347.soc;15;38;38;True;True;False;15;15;0;0;1;1;True;N/A;N/A
00047-00000333.soi;2841;52;52;True;False;False;200;56;0;0;1;1;False;N/A;N/A
00047-00000348.soc;17;37;37;True;True;False;17;17;0;0;1;1;True;N/A;N/A
00047-00000334.soi;2852;51;51;True;False;False;200;68;0;0;1;1;False;N/A;N/A
00047-00000349.soc;15;40;40;True;True;False;15;15;0;0;1;1;True;N/A;N/A
00047-00000335.soi;2787;51;51;True;False;False;200;62;0;0;1;1;False;N/A;N/A
00047-00000350.soc;16;39;39;True;True;False;16;16;0;0;1;1;True;N/A;N/A
00047-00000336.soi;2768;52;52;True;False;False;200;55;0;0;1;1;False;N/A;N/A
00047-00000351.soc;17;41;41;True;True;False;17;17;0;0;1;1;True;N/A;N/A
00047-00000337.soi;2761;53;53;True;False;False;200;51;0;0;1;1;False;N/A;N/A
00047-00000352.soc;17;40;40;True;True;False;17;17;0;0;1;1;True;N/A;N/A
00047-00000338.soi;2734;52;52;True;False;False;200;52;0;0;1;1;False;N/A;N/A
00047-00000353.soc;15;44;44;True;True;False;15;15;0;0;1;1;True;N/A;N/A
00047-00000339.soi;2788;53;53;True;False;False;200;57;0;0;1;1;False;N/A;N/A
00047-00000354.soc;15;36;36;True;True;False;15;15;0;0;1;1;True;N/A;N/A
00047-00000341.soi;2825;53;53;True;False;False;200;51;0;0;1;1;False;N/A;N/A
00047-00000355.soc;20;33;33;True;True;False;20;20;0;0;1;1;True;N/A;N/A
00047-00000340.soi;2819;53;53;True;False;False;200;50;0;0;1;1;False;N/A;N/A
00047-00000356.soc;13;37;37;True;True;False;13;13;0;0;1;1;True;N/A;N/A
00047-00000342.soi;2750;51;51;True;False;False;200;59;0;0;1;1;False;N/A;N/A
00047-00000357.soc;14;38;38;True;True;False;14;14;0;0;1;1;True;N/A;N/A
00047-00000344.soi;2760;53;53;True;False;False;200;50;0;0;1;1;False;N/A;N/A
00047-00000358.soc;15;43;43;True;True;False;15;15;0;0;1;1;True;N/A;N/A
00047-00000343.soi;2750;52;52;True;False;False;200;53;0;0;1;1;False;N/A;N/A
00047-00000359.soc;15;44;44;True;True;False;15;15;0;0;1;1;True;N/A;N/A
00047-00000345.soi;2762;53;53;True;False;False;200;50;0;0;1;1;False;N/A;N/A
00047-00000360.soc;16;38;38;True;True;False;16;16;0;0;1;1;True;N/A;N/A
00047-00000346.soi;2719;53;53;True;False;False;200;69;0;0;1;1;False;N/A;N/A
00047-00000361.soc;15;38;37;True;True;False;15;15;0;0;1;1;False;N/A;N/A
00047-00000347.soi;2779;53;53;True;False;False;200;67;0;0;1;1;False;N/A;N/A
00047-00000362.soc;16;41;41;True;True;False;16;16;0;0;1;1;True;N/A;N/A
00047-00000348.soi;2798;53;53;True;False;False;200;58;0;0;1;1;False;N/A;N/A
00047-00000349.soi;2734;52;52;True;False;False;200;55;0;0;1;1;False;N/A;N/A
00047-00000350.soi;2712;53;53;True;False;False;200;57;0;0;1;1;False;N/A;N/A
00047-00000351.soi;2768;53;53;True;False;False;200;58;0;0;1;1;False;N/A;N/A
00047-00000352.soi;2803;53;53;True;False;False;200;63;0;0;1;1;False;N/A;N/A
00047-00000354.soi;2883;53;53;True;False;False;200;92;0;0;1;1;False;N/A;N/A
00047-00000359.soi;2742;51;51;True;False;False;200;58;0;0;1;1;False;N/A;N/A
00047-00000361.soi;2756;51;51;True;False;False;200;53;0;0;1;1;False;N/A;N/A
00047-00000355.soi;2987;54;54;True;False;False;200;84;0;0;1;1;False;N/A;N/A
00047-00000353.soi;2835;53;53;True;False;False;200;75;0;0;1;1;False;N/A;N/A
00047-00000357.soi;2778;51;51;True;False;False;200;51;0;0;1;1;False;N/A;N/A
00047-00000356.soi;2958;52;52;True;False;False;200;61;0;0;1;1;False;N/A;N/A
00047-00000358.soi;2759;51;51;True;False;False;200;60;0;0;1;1;False;N/A;N/A
00047-00000360.soi;2787;51;51;True;False;False;200;58;0;0;1;1;False;N/A;N/A
00047-00000362.soi;2681;53;53;True;False;False;200;53;0;0;1;1;False;N/A;N/A
